id,tipo,local,pontos,profundidade_max_m,razao_area,validacao_ic_mae,validacao_ic_rmse,validacao_formula_publicada_mae,validacao_formula_publicada_rmse,sigma_m,mae_original_suavizado,rmse_original_suavizado,reducao_variabilidade_pct,pontos_mudaram_classe_pct,transicoes_antes,transicoes_depois,camadas_antes,camadas_depois,espessura_mediana_antes_m,espessura_mediana_depois_m,camadas_finas_antes_lt_010m,camadas_finas_depois_lt_010m,camadas_relevantes_ge_010m,camadas_relevantes_nao_preservadas,candidatas_consolidacao_ABA
3,CPTu,Salzburg basin,2000,20.000000,0.845680,0.021337,0.060519,0.002525,0.002951,0.050000,0.069252,0.340714,91.721473,6.550000,81,34,82,35,0.072500,0.180000,48,7,34,0,4
39,CPTu,Zell basin,2148,21.480000,0.830891,0.003955,0.006210,0.002789,0.004823,0.050000,0.051596,0.326316,60.846569,3.491620,55,33,56,34,0.125000,0.240000,24,8,32,0,3
40,CPTu,Zell basin,3000,30.000000,0.836601,0.004058,0.006495,0.002700,0.003198,0.050000,0.033269,0.228702,92.510730,4.133333,67,26,68,27,0.070000,0.490000,37,6,31,0,2
55,CPTu,Salzburg basin,1425,14.250000,0.837728,0.003527,0.004449,0.002775,0.004527,0.050000,0.092535,0.357189,81.656758,10.315789,70,44,71,45,0.070000,0.140000,44,15,27,0,5
67,CPTu,Enns valley - eastern region,4500,45.000000,0.845081,0.008534,0.070736,0.007413,0.085113,0.050000,0.069887,0.345450,36.191118,5.000000,130,72,131,73,0.110000,0.240000,60,21,71,0,9
68,CPTu,Enns valley - eastern region,4000,40.000000,0.836512,0.006654,0.034418,0.004385,0.038914,0.050000,0.081508,0.380582,59.108893,7.800000,171,108,172,109,0.080000,0.170000,91,39,81,1,12
89,CPTu,Zell basin,1164,11.640000,0.801980,0.003545,0.005124,0.002566,0.002999,0.050000,0.062674,0.296790,82.233066,7.646048,42,29,43,30,0.130000,0.215000,19,8,24,0,2
102,CPTu,Salzburg basin,2000,20.000000,0.849878,0.003908,0.005015,0.002666,0.003913,0.050000,0.073525,0.335980,51.208896,10.100000,95,38,96,39,0.090000,0.250000,53,6,43,2,4
105,CPTu,Salzburg basin,2000,20.000000,0.849315,0.003750,0.004731,0.002584,0.002997,0.050000,0.054329,0.263471,88.858236,7.550000,67,21,68,22,0.080000,0.275000,40,6,28,0,2
106,CPTu,Salzburg basin,2000,20.000000,0.849449,0.003611,0.004571,0.002553,0.002985,0.050000,0.044584,0.255072,82.182439,6.850000,70,32,71,33,0.080000,0.180000,43,5,28,0,4
